<?xml version="1.0" encoding="utf-8" standalone="no"?>
<manifest identifier="NT.MyAmazingCompany.ListeningActivity.759399b8-e228-4758-9cbb-7a1635c71c86" version="1" xmlns:adlcp="http://www.adlnet.org/xsd/adlcp_rootv1p2" xmlns="http://www.imsproject.org/xsd/imscp_rootv1p1p2" xmlns:xsi="http://www.w3.org/2001/XMLSchema-instance" xsi:schemaLocation="http://www.imsproject.org/xsd/imscp_rootv1p1p2 imscp_rootv1p1p2.xsd http://www.imsglobal.org/xsd/imsmd_rootv1p2p1 imsmd_rootv1p2p1.xsd http://www.adlnet.org/xsd/adlcp_rootv1p2 adlcp_rootv1p2.xsd">
  <metadata>
    <schema>ADL SCORM</schema>
    <schemaversion>1.2</schemaversion>
    <adlcp:location>metadata.xml</adlcp:location>
  </metadata>
  <organizations default="My_Amazing_Company">
    <organization identifier="My_Amazing_Company">
      <title>Listening Activity</title>
      <item identifier="item_NT.MyAmazingCompany.ListeningActivity.759399b8-e228-4758-9cbb-7a1635c71c86" identifierref="resource_NT.MyAmazingCompany.ListeningActivity.759399b8-e228-4758-9cbb-7a1635c71c86">
        <title>Listening Activity</title>
        <adlcp:masteryscore>80</adlcp:masteryscore>
        <metadata>
          <schema>ADL SCORM</schema>
          <schemaversion>1.2</schemaversion>
          <adlcp:location>metadata.xml</adlcp:location>
        </metadata>
      </item>
      <metadata>
        <schema>ADL SCORM</schema>
        <schemaversion>1.2</schemaversion>
        <adlcp:location>metadata.xml</adlcp:location>
      </metadata>
    </organization>
  </organizations>
  <resources>
    <metadata>
      <schema>ADL SCORM</schema>
      <schemaversion>1.2</schemaversion>
      <adlcp:location>metadata.xml</adlcp:location>
    </metadata>
    <resource identifier="resource_NT.MyAmazingCompany.ListeningActivity.759399b8-e228-4758-9cbb-7a1635c71c86" type="webcontent" href="index.html" adlcp:scormtype="sco">
      <metadata>
        <schema>ADL SCORM</schema>
        <schemaversion>1.2</schemaversion>
        <adlcp:location>metadata.xml</adlcp:location>
      </metadata>
      <file href="asset-manifest.json"/>
      <file href="favicon.ico"/>
      <file href="index.html"/>
      <file href="logo192.png"/>
      <file href="logo512.png"/>
      <file href="manifest.json"/>
      <file href="robots.txt"/>
      <file href="static/css/main.e6c13ad2.css"/>
      <file href="static/css/main.e6c13ad2.css.map"/>
      <file href="static/js/787.97ccb888.chunk.js"/>
      <file href="static/js/787.97ccb888.chunk.js.map"/>
      <file href="static/js/main.f04a5700.js"/>
      <file href="static/js/main.f04a5700.js.LICENSE.txt"/>
      <file href="static/js/main.f04a5700.js.map"/>
    </resource>
  </resources>
</manifest>